paper_id,venue,in_analysis_subset,kg_off_factual_correctness,kg_off_evidence_support,kg_off_rubric_alignment,kg_off_criterion_grounded_valid_critique,kg_off_faithfulness_mean,kg_off_faithfulness_n,kg_off_runtime_seconds,kg_off_total_tokens,kg_off_annotation_count,kg_off_criteria_count,kg_off_job_id,kg_on_factual_correctness,kg_on_evidence_support,kg_on_rubric_alignment,kg_on_criterion_grounded_valid_critique,kg_on_faithfulness_mean,kg_on_faithfulness_n,kg_on_runtime_seconds,kg_on_total_tokens,kg_on_annotation_count,kg_on_criteria_count,kg_on_job_id,trad_llm_factual_correctness,trad_llm_evidence_support,trad_llm_rubric_alignment,trad_llm_criterion_grounded_valid_critique,trad_llm_faithfulness_mean,trad_llm_faithfulness_n,pairwise_kg_winner,pairwise_kg_rubric_winner,pairwise_kg_confidence,delta_rubric_alignment,delta_faithfulness_mean,delta_total_tokens,trad_vs_kg_off_winner,trad_vs_kg_on_winner
acl_2024.acl-short.8,ACL,True,0.9,0.6,0.6,0.9,0.1458333333333333,8,64.122812,580619,8,0,330c5928-a8d1-4ec1-8efe-ed2081001477,1.0,1.0,0.4,1.0,0.0,4,59.045828,653245,8,6,d9f100a7-874d-47b6-9c9b-b80d3f177af5,0.9,1.0,0.4,0.8,,0,tie,KG_ON,medium,-0.1999999999999999,-0.1458333333333333,72626.0,KG_OFF,KG_ON
acl_2024.findings-acl.438,ACL,False,0.8,0.4,0.8,1.0,0.0,7,113.45871,1219592,8,0,1a3f124c-38ab-417c-961f-44680c61b7b0,1.0,0.8,0.5,0.8,0.1666666666666666,7,127.70496,1347946,8,6,7ca19601-5671-4749-9dbf-5e219a43b041,0.9,0.6,0.6,0.7,,0,,,,,,,,
ets_liu-usingaibasedobject-2023,ETS,True,0.6,0.6,1.0,0.9,0.3194444444444444,6,147.756651,1096925,8,0,4a2f29ed-d629-4510-b73f-c54fadad5111,0.5,0.8,0.7,1.0,0.1111111111111111,6,201.766809,1771289,8,6,84a87aa2-755c-4ab7-b590-095ffebc7865,1.0,0.3,0.2,0.8,,0,KG_ON,KG_ON,medium,-0.3,-0.2083333333333333,674364.0,KG_OFF,KG_ON
iclr_1412.6980v9,ICLR,True,1.0,0.6,1.0,0.9,0.1666666666666666,6,138.632983,1089526,8,0,5402365b-32ec-4d42-a0ae-97d050d3e57c,1.0,0.6,0.2,0.8,,6,174.206935,1823268,8,5,0db577f7-8372-4d25-86a1-d70448280374,1.0,0.8,0.4,1.0,,0,KG_OFF,KG_ON,medium,-0.8,,733742.0,KG_OFF,KG_ON
iclr_9447_tabular_insights_visual_i,ICLR,True,0.8,0.6,0.8,0.8,0.0625,8,112.86172,1160184,8,0,23532855-90cb-4575-836e-135b5e22c32d,1.0,0.2,0.6,0.4,0.0,5,547.752733,2075420,8,5,31d08d1e-d832-4cfb-ba28-2c3bab6a8861,1.0,1.0,0.6,0.6,,0,KG_ON,KG_ON,medium,-0.2,-0.0625,915236.0,KG_OFF,KG_ON
icml_2311.10263v2,ICML,False,0.8,0.2,0.5,0.8,0.0357142857142857,7,159.032321,1636970,8,0,7459cf44-0d8d-44d1-b00c-0db992debdd4,0.9,0.6,0.4,0.8,0.125,4,328.091603,2987375,8,5,5ccf9af3-3aad-4b6f-89ea-72d188536e3b,1.0,1.0,0.6,0.3,,0,,,,,,,,
icml_2402.01869v2,ICML,True,1.0,0.6,0.9,1.0,0.0,8,65.216657,830703,8,0,e032ccfb-f64c-49a4-b6fb-3d757fc308cf,0.9,1.0,0.8,0.5,0.0,7,83.957804,1017155,8,5,144522e3-b6b1-4c68-83c0-852a68eb1508,1.0,0.6,0.6,0.6,,0,KG_OFF,KG_ON,high,-0.0999999999999999,0.0,186452.0,KG_OFF,KG_ON
neurips_1706.03762v7,NeurIPS,True,1.0,0.8,1.0,1.0,0.0,7,99.327877,853061,8,0,ecb9e257-cba6-4fd6-97c7-c2cb94038718,0.9,0.9,1.0,0.8,0.0,6,134.510488,1024574,8,5,0b44ed20-2287-4507-91ee-59b46d93026f,0.5,1.0,0.4,0.4,,0,KG_ON,KG_ON,medium,0.0,0.0,171513.0,KG_OFF,KG_ON
neurips_2402.05602v2,NeurIPS,True,1.0,0.7,0.8,0.9,0.075,10,174.491775,1742355,8,0,e43a0bd7-d10d-43eb-9f3f-e836254654f2,0.6,0.2,0.4,0.9,0.0,6,255.888664,2463829,8,5,d8ef2ca6-556c-4543-8fa1-f83aee043f21,1.0,0.6,0.6,0.6,,0,KG_ON,KG_ON,medium,-0.4,-0.075,721474.0,KG_OFF,KG_ON
